{
  "labels": [0, 3, 6, 9, 12, 15, 18, 21, 24, 27, 30, 33, 36, 39, 42, 45, 48, 51, 54, 57, 60, 63, 66, 69, 72, 75, 78, 81, 84, 87, 90],
  "dati": [
    0.9,
    1.07118,
    1.29408,
    1.57006,
    1.90046,
    2.28664,
    2.72996,
    3.23177,
    3.79343,
    4.41629,
    5.10171,
    5.85103,
    6.6656,
    7.54676,
    8.49584,
    9.51418,
    10.60209,
    11.76089,
    12.9919,
    14.29643,
    15.6758,
    17.13131,
    18.66427,
    20.27599,
    21.96778,
    23.74095,
    25.59678,
    27.5366,
    29.5617,
    31.6734,
    33.87302
  ]
}
