{
  "labels": [
    0,
    3,
    6,
    9,
    12,
    15,
    18,
    21,
    24,
    27,
    30,
    33,
    36,
    39,
    42,
    45,
    48,
    51,
    54,
    57,
    60,
    63,
    66,
    69,
    72,
    75,
    78,
    81,
    84,
    87,
    90
  ],
  "dati": [
    0.9,
    0.91905,
    0.9401,
    0.96299,
    0.98755,
    1.01362,
    1.04105,
    1.06966,
    1.0993,
    1.1298,
    1.161,
    1.19274,
    1.22486,
    1.2572,
    1.28959,
    1.32187,
    1.35389,
    1.38547,
    1.41646,
    1.44669,
    1.476,
    1.50423,
    1.53122,
    1.55681,
    1.58083,
    1.60313,
    1.62353,
    1.64188,
    1.65802,
    1.67178,
    1.683
  ]
}